<?xml version="1.0" encoding="UTF-8"?>
<extension type="component" version="4.0" method="upgrade" client="site">
	<name>Mywalks</name>
	<!-- The following elements are optional and free of formatting conttraints -->
	<creationDate>August 2019</creationDate>
	<author>Clifford E Ford</author>
	<authorEmail>cliff@ford.myzen.co.uk</authorEmail>
	<authorUrl>http://www.fford.me.uk/</authorUrl>
	<copyright>Copyright (C) 2019 Clifford E Ford, All rights reserved.</copyright>
	<license>GNU/GPL Version 2 or later - http://www.gnu.org/licenses/gpl-2.0.html</license>
	<!--  The version string is recorded in the components table -->
	<version>0.1.2</version>
	<!-- The description is optional and defaults to the name -->
	<description>Mywalks Component</description>
	<namespace>Joomla\Component\Mywalks</namespace>

	<install> <!-- Runs on install -->
		<sql>
			<file driver="mysql" charset="utf8">sql/install.mysql.utf8.sql</file>
		</sql>
	</install>
	<uninstall> <!-- Runs on uninstall -->
		<sql>
			<file driver="mysql" charset="utf8">sql/uninstall.mysql.utf8.sql</file>
		</sql>
	</uninstall>

	<!-- Site Main File Copy Section -->
	<!-- Note the folder attribute: This attribute describes the folder
		to copy FROM in the package to install therefore files copied
		in this section are copied from /site/ in the package -->

	<files folder="site">
		<folder>Controller</folder>
		<folder>Helper</folder>
		<folder>Model</folder>
		<folder>Service</folder>
		<folder>tmpl</folder>
		<folder>View</folder>
	</files>
	
	<languages folder="site">
		<language tag="en-GB">language/en-GB/en-GB.com_mywalks.ini</language>
	</languages>
	
	<administration>
		<files folder="admin">
			<file>access.xml</file>
			<file>config.xml</file>
			<folder>Extension</folder>
			<folder>Service</folder>
			<folder>services</folder>
			<folder>sql</folder>
		</files>
		<languages folder="admin">
			<language tag="en-GB">language/en-GB/en-GB.com_mywalks.ini</language>
			<language tag="en-GB">language/en-GB/en-GB.com_mywalks.sys.ini</language>
		</languages>
		<menu img="class:default" link="option=com_mywalks">Mywalks</menu>
	</administration>
</extension>
